{"title":"霍邱县第二中学","summary":"\n霍邱县第二中学（Huoqiu No.2 Middle School），简称“霍邱二中”。学校创办于1972年，位于霍邱县城关镇。现拥有南北两个校区（南区在五岳路，北区在育才路），设有124个教学班（高中部67个，初中部52个，河口教学点5个），453名教职工，7000多名学生，现任党委书记、校长王勇。学校于2001年被评为市级示范高中，2002年被评为安徽省示范高中。学校先后被授予全国示范特色学校、全国体育工作先进单位、全国学校艺术教育先进单位、安徽省先进集体、六安市“文明单位”、六安市“花园式单位”、“六安市首届文明校园”等荣誉称号。2017年8月，原霍邱城关中心校（光明中学）并入霍邱二中，成为二中初中部。知名校友有余承东\n[1] \n、潘光伟\n[1] \n、胡青\n[1] \n、李鹤成、李辽沙、刘璐等。\n","synonyms":[],"properties":[{"key":"中文名","value":"\n霍邱县第二中学\n"},{"key":"外文名","value":"\nHuoqiu No.2 Middle School\n"},{"key":"简    称","value":"\n霍邱二中\n"},{"key":"校    训","value":"\n文明  诚实  勤学  守纪\n"},{"key":"创办时间","value":"\n1972年\n"},{"key":"类    别","value":"\n公立中学\n"},{"key":"现任校长","value":"\n王勇\n"},{"key":"知名校友","value":"\n余承东 潘光伟 胡青 李鹤成 李辽沙 刘璐等\n[1] \n"},{"key":"所属地区","value":"\n皖·霍邱县\n"},{"key":"主要奖项","value":"\n安徽省示范高中 \n全国示范特色学校\n全国学校艺术教育先进单位\n安徽省先进集体\n"}]}